市区町丁,0,1,2,3,4,5,6,7,8,9,10,11,12,13,14,15,16,17,18,19,20,21,22,23
新宿区上落合１丁目,1,0,0,0,0,0,0,0,1,2,1,1,1,0,0,0,3,0,1,0,1,0,0,0
新宿区上落合２丁目,0,0,0,0,0,0,0,0,1,1,0,0,1,0,1,0,0,0,1,0,0,2,0,1
新宿区上落合３丁目,0,1,0,0,0,0,0,0,0,0,1,0,0,0,1,0,2,0,1,0,0,1,1,0
新宿区下宮比町,0,0,0,0,0,0,0,0,0,0,0,0,0,1,0,0,0,0,0,0,0,0,0,0
新宿区下落合１丁目,0,0,0,0,0,0,0,0,0,0,0,1,1,0,0,1,1,1,1,0,1,0,0,0
新宿区下落合２丁目,0,0,0,0,0,0,0,0,0,0,1,0,0,0,0,0,1,0,0,0,0,0,1,0
新宿区下落合３丁目,0,0,0,0,0,1,0,0,0,2,1,2,0,0,0,1,1,0,0,0,1,0,0,0
新宿区下落合４丁目,0,0,0,0,0,0,0,0,1,0,0,0,0,0,0,1,0,0,1,1,0,0,0,0
新宿区中井１丁目,0,0,1,0,0,0,0,0,0,0,0,0,0,0,0,1,0,0,0,0,1,0,0,0
新宿区中井２丁目,1,0,0,0,0,0,0,0,0,0,0,0,0,1,0,0,0,0,0,0,0,0,0,0
新宿区中落合１丁目,0,1,0,0,0,0,0,0,0,0,0,0,0,0,0,0,1,0,0,0,3,0,1,1
新宿区中落合２丁目,0,0,0,0,0,1,0,0,0,1,1,0,2,1,1,1,2,0,0,1,0,0,1,0
新宿区中落合３丁目,0,0,0,0,0,0,0,0,0,0,0,1,0,1,0,2,1,1,0,0,1,0,2,0
新宿区中落合４丁目,0,0,0,0,0,0,0,0,0,0,0,0,1,0,0,0,0,0,0,0,0,0,0,0
新宿区住吉町,0,0,0,0,0,0,0,0,0,0,0,0,0,0,0,0,0,0,1,0,0,0,0,0
新宿区余丁町,0,0,0,0,0,0,0,0,0,0,0,0,0,1,0,0,0,1,1,2,0,0,0,0
新宿区信濃町,0,0,1,0,0,0,0,0,0,0,0,0,0,0,0,0,0,0,0,0,0,0,0,1
新宿区内藤町,0,0,0,0,0,0,0,0,0,0,1,0,0,0,1,1,0,2,0,0,0,0,2,0
新宿区北新宿１丁目,0,1,0,0,0,1,0,1,0,0,1,0,1,1,1,4,2,2,1,2,1,2,3,1
新宿区北新宿２丁目,0,0,1,0,0,0,0,0,1,1,0,0,1,0,1,1,1,1,0,1,0,1,0,1
新宿区北新宿３丁目,1,0,0,0,0,1,0,0,1,0,0,0,1,0,1,0,0,0,2,0,0,0,2,0
新宿区北新宿４丁目,0,0,0,1,0,0,0,1,1,1,1,0,3,0,0,3,1,0,0,0,0,2,2,0
新宿区喜久井町,0,0,0,0,0,0,0,0,0,0,0,0,0,0,0,0,1,0,0,0,0,0,0,0
新宿区大久保１丁目,1,0,2,1,0,0,1,0,0,2,0,2,4,0,1,1,0,1,3,0,1,0,0,1
新宿区大久保２丁目,0,1,0,2,1,0,2,0,1,2,3,0,1,0,1,1,2,2,1,2,3,2,7,1
新宿区大久保３丁目,0,2,0,1,0,0,0,0,1,2,0,0,0,3,0,2,3,2,0,0,2,1,1,2
新宿区大京町,0,0,0,0,0,0,0,0,1,0,0,0,1,1,0,0,0,0,2,0,0,0,1,0
新宿区天神町,0,0,0,0,0,0,0,0,0,1,0,0,0,1,0,0,0,0,0,0,0,0,0,0
新宿区富久町,0,2,0,0,0,0,1,0,0,1,0,1,1,0,0,2,1,2,1,0,0,1,2,1
新宿区山吹町,0,0,0,0,0,0,0,0,0,0,0,0,0,0,0,0,0,0,1,0,0,0,0,1
新宿区岩戸町,0,0,0,0,0,0,0,0,0,0,1,0,0,0,0,0,0,0,0,0,0,0,0,0
新宿区左門町,0,0,0,0,0,0,0,0,0,0,0,1,0,0,0,0,0,0,0,0,1,0,0,0
新宿区市谷加賀町２丁目,0,0,0,0,0,0,0,0,0,0,0,0,0,0,0,0,1,0,0,0,1,0,0,0
新宿区市谷台町,0,0,0,0,0,0,0,0,0,0,0,0,0,0,0,0,0,0,0,1,0,0,0,0
新宿区市谷田町１丁目,0,0,0,0,0,0,0,1,0,0,0,0,0,0,0,0,1,0,0,0,0,0,0,0
新宿区市谷田町２丁目,0,0,0,0,0,0,0,0,0,0,0,0,0,0,0,0,0,0,1,0,0,0,0,0
新宿区市谷砂土原町２丁目,0,0,0,0,0,1,0,0,0,0,0,0,0,0,0,0,0,0,0,0,0,0,0,0
新宿区市谷砂土原町３丁目,0,0,0,0,0,0,0,0,0,0,0,0,0,0,0,0,0,0,1,0,1,0,0,0
新宿区市谷薬王寺町,0,0,0,0,0,0,0,0,1,0,0,0,0,0,0,0,0,0,0,0,0,0,0,0
新宿区市谷長延寺町,0,0,0,0,0,0,0,0,0,0,0,0,1,0,0,0,0,0,0,0,0,0,0,0
新宿区弁天町,0,0,0,0,0,0,0,0,0,0,0,0,1,0,0,0,0,0,0,0,0,0,2,0
新宿区戸山１丁目,0,0,0,0,0,0,0,0,0,0,0,0,0,0,0,2,0,0,0,0,0,0,0,0
新宿区戸山２丁目,0,0,0,0,0,0,0,0,0,0,2,0,1,0,1,0,1,1,0,0,1,1,0,0
新宿区戸山３丁目,0,0,0,0,0,0,0,0,1,0,0,0,0,0,0,0,0,0,0,1,0,0,0,0
新宿区払方町,0,0,0,0,0,0,0,0,0,0,0,0,0,0,0,1,0,0,0,0,0,0,0,0
新宿区揚場町,0,0,0,0,0,0,0,0,0,0,0,0,0,1,0,0,0,0,0,0,0,0,0,0
新宿区新宿１丁目,0,2,1,0,0,0,0,0,2,0,0,1,0,1,3,1,3,1,0,1,1,0,1,0
新宿区新宿２丁目,2,0,2,1,1,1,1,0,0,1,1,0,1,2,0,0,2,2,2,0,0,4,2,1
新宿区新宿３丁目,1,0,1,1,0,1,2,2,5,2,3,1,3,6,2,3,0,5,2,7,5,1,2,5
新宿区新宿４丁目,0,0,0,1,0,0,1,0,0,0,0,0,0,0,0,0,0,0,0,0,0,1,1,1
新宿区新宿５丁目,1,1,0,0,1,0,0,0,4,0,0,0,1,2,0,3,1,2,0,1,2,0,4,0
新宿区新宿６丁目,1,0,1,0,0,0,0,0,1,2,0,1,0,0,1,2,1,2,1,0,1,1,0,0
新宿区新宿７丁目,1,0,0,0,0,0,1,1,1,0,3,1,1,0,0,1,1,0,4,0,0,1,2,0
新宿区新小川町,0,0,0,0,0,0,0,0,0,0,0,0,0,0,0,1,1,0,0,0,0,0,0,0
新宿区早稲田町,0,0,0,0,0,0,0,0,0,0,0,0,0,1,0,0,0,0,0,0,0,0,0,0
新宿区早稲田鶴巻町,0,0,0,0,0,0,0,0,0,1,0,0,0,0,0,0,0,0,1,1,0,1,0,0
新宿区横寺町,0,0,0,0,0,0,0,0,0,0,0,0,0,0,0,0,0,0,0,1,0,0,0,0
新宿区歌舞伎町１丁目,2,4,1,3,1,0,2,2,6,5,4,0,4,0,3,4,4,4,11,7,4,4,3,2
新宿区歌舞伎町２丁目,7,5,4,4,4,1,2,1,1,1,2,0,6,3,0,0,4,5,3,3,3,2,3,5
新宿区河田町,0,0,0,0,0,0,0,0,0,0,0,0,0,2,0,0,1,0,0,0,0,2,0,0
新宿区片町,0,0,0,0,0,0,0,0,0,0,0,0,0,0,0,1,0,0,0,1,0,0,0,0
新宿区白銀町,0,0,0,0,0,0,0,0,0,0,0,0,0,1,0,0,0,0,0,0,0,0,0,1
新宿区百人町１丁目,2,1,1,1,0,1,0,1,1,0,0,5,1,0,1,0,2,5,2,1,1,2,2,0
新宿区百人町２丁目,1,2,2,1,0,0,0,1,1,0,4,2,1,2,4,4,2,2,3,0,1,3,1,4
新宿区百人町３丁目,0,0,0,0,0,0,0,0,1,0,0,0,0,0,0,0,1,0,0,1,1,0,0,0
新宿区百人町４丁目,0,0,0,0,0,0,0,0,0,1,1,0,0,0,0,1,0,1,1,0,0,0,0,1
新宿区矢来町,0,0,0,0,0,0,0,0,0,0,0,0,0,0,1,0,0,0,0,0,1,0,0,0
新宿区神楽坂３丁目,0,0,0,0,0,0,0,0,0,1,0,0,0,0,0,0,0,0,0,0,0,0,0,0
新宿区神楽坂６丁目,0,0,0,0,0,0,0,0,0,1,0,0,0,0,0,0,1,0,0,0,0,0,0,0
新宿区神楽河岸,0,0,0,0,0,0,0,0,1,0,1,0,0,0,0,0,0,1,0,0,0,0,0,0
新宿区箪笥町,0,0,0,0,0,0,0,0,0,0,0,0,0,0,0,1,0,0,0,0,0,0,0,0
新宿区舟町,0,0,0,0,0,0,0,0,0,1,0,0,0,1,0,0,1,1,0,0,0,0,0,0
新宿区若松町,0,0,1,0,0,0,0,0,0,0,1,0,0,0,1,0,1,0,1,0,1,0,0,0
新宿区若葉２丁目,0,0,1,0,0,0,0,0,0,0,0,0,0,0,0,0,0,0,0,0,0,0,1,0
新宿区若葉３丁目,0,0,0,0,0,0,0,0,0,0,0,0,1,0,0,0,0,0,0,0,0,0,0,1
新宿区荒木町,0,0,0,0,0,0,1,0,0,0,0,0,0,0,0,0,0,0,2,0,0,0,0,1
新宿区西新宿１丁目,1,0,0,1,0,0,0,2,7,4,4,1,5,5,4,2,2,1,1,1,2,1,2,2
新宿区西新宿２丁目,0,0,1,0,0,0,0,0,2,1,1,1,0,1,1,1,0,1,1,0,0,0,0,3
新宿区西新宿３丁目,2,0,0,0,0,0,0,0,1,1,1,1,1,0,0,0,0,1,0,2,0,0,1,0
新宿区西新宿４丁目,0,0,0,0,0,0,0,0,1,0,1,1,2,0,0,1,0,1,7,1,4,3,1,2
新宿区西新宿５丁目,0,0,1,0,0,0,0,0,1,0,0,0,1,1,1,0,0,0,4,0,1,0,0,0
新宿区西新宿６丁目,1,1,0,0,2,0,1,1,0,0,1,0,0,1,0,1,1,1,1,0,1,0,0,2
新宿区西新宿７丁目,1,2,0,0,1,0,0,0,2,1,2,0,0,1,1,1,2,1,1,0,1,4,1,1
新宿区西新宿８丁目,1,0,0,0,0,0,0,0,0,0,0,0,0,0,1,0,2,0,2,0,1,0,0,0
新宿区西早稲田１丁目,0,1,0,0,0,0,0,0,0,0,0,0,3,0,0,1,1,0,1,1,0,0,1,0
新宿区西早稲田２丁目,1,1,0,0,0,0,0,0,1,0,0,0,0,0,0,1,0,1,1,0,1,0,0,3
新宿区西早稲田３丁目,0,0,0,0,0,0,0,0,0,0,1,0,0,0,0,0,0,2,0,0,2,0,1,1
新宿区西落合１丁目,0,0,0,0,0,0,1,0,0,1,0,0,1,0,0,2,2,2,0,0,2,1,0,0
新宿区西落合２丁目,0,0,0,0,0,0,0,1,0,1,0,0,1,0,0,0,0,0,1,0,1,0,1,0
新宿区西落合３丁目,1,0,0,0,0,0,0,0,0,1,0,2,0,0,0,0,0,3,0,0,1,0,0,0
新宿区西落合４丁目,0,0,0,0,0,0,0,0,0,0,0,0,0,0,0,0,0,0,0,1,0,0,0,0
新宿区霞ヶ丘町,0,0,0,0,0,0,1,0,0,0,0,0,0,0,0,0,1,0,0,0,0,0,0,0
新宿区須賀町,0,0,0,0,0,0,0,0,0,1,0,0,0,1,0,0,0,0,0,0,0,0,0,0
新宿区馬場下町,0,0,0,0,0,1,1,0,0,0,0,0,0,1,0,0,0,0,0,0,0,0,0,0
新宿区高田馬場１丁目,0,0,1,0,1,0,0,0,1,0,1,0,2,1,2,0,0,0,0,1,2,2,0,2
新宿区高田馬場２丁目,1,0,0,0,0,0,0,0,1,0,3,0,0,1,0,2,2,0,3,0,1,0,1,0
新宿区高田馬場３丁目,0,0,1,0,0,1,0,3,2,0,0,1,0,0,1,1,1,2,1,2,1,2,2,0
新宿区高田馬場４丁目,0,1,0,0,0,0,0,0,1,1,1,0,2,0,1,1,2,1,1,1,0,1,1,0
渋谷区上原１丁目,0,0,0,0,0,0,0,0,0,0,0,0,0,0,0,0,0,0,1,0,0,0,1,0
渋谷区上原２丁目,2,0,0,0,0,0,0,1,0,0,0,0,0,0,1,0,1,0,0,0,0,0,0,0
渋谷区上原３丁目,0,0,0,0,0,0,1,0,0,0,0,0,0,0,0,0,0,0,0,0,0,2,0,0
渋谷区代々木１丁目,0,2,0,0,0,0,0,1,0,0,0,0,0,0,0,0,1,0,0,0,0,3,1,0
渋谷区代々木２丁目,0,0,0,0,0,0,0,0,2,0,1,0,1,0,2,2,1,0,1,1,0,0,1,2
渋谷区代々木３丁目,0,0,0,0,0,0,0,1,0,0,0,0,0,0,1,0,0,0,3,0,1,0,0,3
渋谷区代々木４丁目,0,1,0,0,0,0,0,0,0,1,0,0,1,0,1,0,1,0,1,1,1,1,0,0
渋谷区代々木５丁目,0,1,1,0,0,0,0,1,0,1,1,1,0,0,0,0,0,0,1,0,1,0,0,0
渋谷区代官山町,0,1,0,0,0,0,0,0,0,0,0,0,1,0,0,0,1,1,0,0,0,0,0,0
渋谷区元代々木町,0,0,0,0,0,0,0,0,1,1,0,1,2,0,0,0,0,1,0,0,1,0,1,1
渋谷区円山町,1,3,1,2,0,0,0,0,0,0,0,1,0,0,1,2,2,0,0,1,1,0,1,1
渋谷区初台１丁目,0,0,0,0,0,0,0,0,1,0,0,0,0,0,0,2,0,0,1,0,0,0,2,1
渋谷区初台２丁目,0,0,0,0,0,0,0,0,0,0,0,0,0,0,0,0,0,0,0,0,0,1,0,0
渋谷区南平台町,0,0,0,0,1,0,0,0,0,0,0,0,0,0,0,0,0,0,0,1,0,1,0,0
渋谷区大山町,0,0,0,0,0,0,0,0,0,0,0,0,0,0,0,0,0,0,0,0,1,0,0,1
渋谷区宇田川町,1,2,0,0,0,0,0,1,0,0,2,2,2,0,1,2,2,1,1,1,2,2,1,0
渋谷区広尾１丁目,0,1,0,0,0,0,0,0,0,0,0,1,0,0,0,0,1,0,0,0,0,0,0,0
渋谷区広尾２丁目,0,0,0,0,0,0,0,0,0,0,0,0,0,0,0,1,1,0,0,0,0,0,0,0
渋谷区広尾４丁目,0,0,0,0,0,0,0,0,0,1,0,0,0,0,1,1,0,0,0,0,0,0,0,0
渋谷区広尾５丁目,0,0,0,0,0,0,0,0,1,0,2,0,0,0,0,0,0,0,0,0,0,0,0,0
渋谷区恵比寿南１丁目,0,0,1,0,0,0,0,0,2,0,1,0,1,1,0,0,0,0,1,1,0,0,0,0
渋谷区恵比寿西１丁目,0,1,0,0,0,0,0,0,0,2,1,0,0,0,0,0,1,2,1,0,1,1,1,0
渋谷区恵比寿西２丁目,0,0,0,0,0,0,0,0,0,0,0,0,0,1,0,1,0,0,0,0,0,0,0,0
渋谷区恵比寿１丁目,0,0,0,0,0,0,0,0,0,0,0,1,0,0,1,1,1,0,0,0,0,2,0,1
渋谷区恵比寿２丁目,0,0,0,0,0,0,1,0,0,0,0,0,0,0,0,0,0,0,0,0,0,1,0,0
渋谷区恵比寿３丁目,0,0,0,0,0,0,0,0,0,0,1,0,0,0,0,0,1,0,0,0,1,0,1,1
渋谷区恵比寿４丁目,2,1,0,0,0,0,0,0,0,0,0,0,0,1,0,0,0,1,0,0,0,1,0,0
渋谷区本町１丁目,1,0,0,0,0,0,0,0,0,1,1,0,0,0,0,1,1,0,0,1,0,1,0,0
渋谷区本町２丁目,1,0,0,0,0,0,0,0,0,0,0,0,1,0,0,0,0,0,2,0,1,1,0,1
渋谷区本町３丁目,0,0,0,1,0,0,0,0,1,0,1,0,1,0,0,0,1,1,0,0,0,0,0,1
渋谷区本町４丁目,0,0,2,1,0,0,0,0,0,1,0,0,1,0,0,1,0,1,2,0,0,0,0,1
渋谷区本町５丁目,1,0,0,0,0,0,0,0,0,1,0,0,0,1,0,0,3,0,1,2,1,1,0,1
渋谷区本町６丁目,0,0,0,0,0,0,1,1,0,0,1,0,1,0,1,0,0,0,1,0,2,0,0,0
渋谷区東１丁目,0,0,0,0,0,0,0,0,1,0,0,0,0,1,0,0,1,0,0,3,0,1,0,0
渋谷区東２丁目,1,0,0,0,0,0,0,0,1,0,1,0,2,0,0,0,0,1,1,0,0,0,2,2
渋谷区東３丁目,0,0,0,0,0,0,0,0,1,0,0,0,0,0,0,0,0,0,0,1,0,0,0,1
渋谷区桜丘町,0,0,0,0,0,0,0,1,0,0,0,0,1,1,1,0,0,0,1,0,1,2,0,0
渋谷区渋谷１丁目,1,2,0,1,0,1,1,1,5,0,0,1,0,0,2,0,1,1,1,2,1,2,1,2
渋谷区渋谷２丁目,1,0,0,0,0,0,0,0,1,1,1,1,1,0,1,0,0,0,1,1,1,1,1,0
渋谷区渋谷３丁目,1,2,1,0,0,0,0,0,0,0,1,0,0,0,0,1,0,3,2,0,0,0,0,0
渋谷区渋谷４丁目,0,0,0,0,0,0,0,0,0,0,0,0,0,0,0,0,0,0,0,0,0,0,1,0
渋谷区猿楽町,0,0,0,0,0,0,0,0,0,0,1,0,0,0,0,0,0,0,0,0,0,0,0,0
渋谷区神南１丁目,0,0,0,0,0,0,0,1,1,0,0,0,0,0,0,0,0,0,0,0,3,0,2,1
渋谷区神南２丁目,0,0,0,0,0,0,0,1,0,0,0,0,0,0,0,0,0,0,0,0,0,0,0,0
渋谷区神宮前１丁目,2,0,1,0,0,0,0,0,0,0,0,0,0,0,0,0,0,0,1,0,1,0,0,0
渋谷区神宮前２丁目,1,0,1,1,0,0,0,1,0,1,0,0,0,0,2,0,0,0,0,0,2,0,0,0
渋谷区神宮前３丁目,1,1,0,1,1,0,0,0,0,0,0,0,0,0,0,0,3,3,3,0,0,0,2,0
渋谷区神宮前４丁目,1,0,0,0,0,0,0,0,0,1,1,1,0,0,0,1,0,0,0,0,1,0,1,0
渋谷区神宮前５丁目,0,0,1,0,1,0,0,0,2,0,0,0,0,0,0,0,1,0,1,0,0,0,1,1
渋谷区神宮前６丁目,0,0,0,0,0,0,0,0,0,2,0,0,0,1,1,0,0,1,2,0,3,0,0,0
渋谷区神山町,1,0,0,0,0,0,0,1,0,0,1,1,0,1,0,0,0,0,1,2,0,0,1,2
渋谷区神泉町,0,0,2,0,0,0,0,0,0,0,0,0,0,0,1,0,0,0,1,1,0,1,0,1
渋谷区笹塚１丁目,2,1,0,0,0,0,1,4,0,3,0,0,4,2,0,2,5,3,4,2,3,2,1,0
渋谷区笹塚２丁目,0,1,0,0,0,0,1,0,3,0,0,1,0,1,2,0,0,2,2,4,0,0,2,0
渋谷区笹塚３丁目,0,0,0,0,0,0,0,0,0,0,0,0,0,0,0,0,0,0,0,0,2,0,1,0
渋谷区西原１丁目,1,1,0,0,0,0,0,0,0,0,0,0,1,1,0,0,0,1,1,1,1,0,1,0
渋谷区西原２丁目,0,0,0,0,0,0,0,0,0,0,0,0,1,0,1,0,0,0,0,1,0,1,0,0
渋谷区西原３丁目,0,0,0,0,0,0,0,0,1,1,2,1,0,0,0,0,0,0,0,0,0,0,0,0
渋谷区道玄坂１丁目,3,0,1,1,0,0,1,0,0,1,3,1,1,4,0,3,0,1,1,0,3,0,0,1
渋谷区道玄坂２丁目,1,3,2,0,0,0,0,0,0,0,1,1,1,1,0,0,1,1,0,0,1,0,0,1
渋谷区鉢山町,0,0,0,0,0,0,0,0,0,0,0,1,0,0,0,0,0,1,0,0,0,0,0,0
豊島区上池袋１丁目,1,0,0,1,0,0,0,0,0,2,0,1,0,0,1,1,0,3,0,0,2,2,1,1
豊島区上池袋２丁目,0,0,0,0,0,0,0,2,0,0,0,0,0,0,0,0,1,0,3,1,1,1,1,0
豊島区上池袋３丁目,0,0,0,0,0,0,0,0,0,1,0,0,0,0,0,0,0,0,0,0,0,1,0,0
豊島区上池袋４丁目,0,0,0,0,0,0,0,0,1,0,0,0,0,0,0,0,0,0,1,0,0,0,0,0
豊島区北大塚１丁目,0,0,0,0,0,0,0,0,0,0,0,1,0,1,0,0,0,0,2,0,0,0,1,0
豊島区北大塚２丁目,2,0,0,0,0,0,0,1,2,2,0,1,0,0,0,1,2,1,2,1,1,0,0,1
豊島区北大塚３丁目,0,0,0,1,0,0,1,0,1,0,1,0,0,0,0,0,0,1,0,0,0,0,1,0
豊島区千川１丁目,0,0,0,0,0,0,0,0,0,0,0,0,0,0,0,0,1,0,0,0,0,0,0,0
豊島区千川２丁目,0,0,0,0,0,0,0,0,0,0,0,1,0,1,0,0,0,0,0,0,0,0,0,0
豊島区千早１丁目,1,1,0,0,0,0,0,0,0,0,0,0,0,2,0,0,0,0,0,1,1,1,0,0
豊島区千早２丁目,0,0,1,1,0,0,1,0,0,0,1,1,0,0,0,1,1,0,2,2,1,0,0,0
豊島区千早３丁目,0,0,0,0,0,0,0,0,0,0,1,0,0,0,0,1,0,0,1,1,0,0,0,0
豊島区千早４丁目,0,0,0,0,1,0,0,0,1,0,0,0,0,0,0,0,0,0,1,0,0,0,2,0
豊島区南大塚１丁目,1,0,0,0,0,0,1,0,0,1,0,0,0,0,1,2,1,1,0,0,1,1,1,0
豊島区南大塚２丁目,1,0,0,0,0,0,0,0,0,0,1,0,1,2,0,0,0,2,0,1,0,0,1,0
豊島区南大塚３丁目,0,0,1,0,0,0,0,0,0,0,1,0,1,2,0,0,0,2,0,3,0,2,1,1
豊島区南池袋１丁目,0,0,0,0,0,0,0,0,0,0,1,0,1,0,1,1,1,1,3,0,0,0,0,0
豊島区南池袋２丁目,0,0,0,0,0,0,0,0,0,0,0,1,0,1,3,1,3,3,1,0,1,1,1,0
豊島区南池袋３丁目,0,0,0,2,0,0,0,0,1,0,0,0,1,0,0,0,0,1,0,0,0,0,0,0
豊島区南池袋４丁目,0,0,0,0,0,1,0,0,0,1,0,0,0,0,0,0,0,1,0,0,0,0,0,0
豊島区南長崎１丁目,0,0,0,0,0,0,0,1,1,0,0,0,0,0,2,0,0,0,0,2,0,0,0,0
豊島区南長崎２丁目,0,0,0,0,0,0,0,0,0,0,0,1,0,0,0,0,0,0,0,0,0,0,0,0
豊島区南長崎３丁目,0,0,0,0,0,0,0,0,0,2,0,0,1,0,0,0,1,0,0,1,0,0,0,0
豊島区南長崎４丁目,1,0,0,0,0,0,0,0,0,0,1,1,0,0,0,0,1,2,4,3,1,1,0,0
豊島区南長崎５丁目,1,1,0,0,0,0,0,0,0,0,1,0,0,1,0,0,2,0,2,1,0,0,0,0
豊島区南長崎６丁目,0,0,0,0,0,0,0,0,0,0,0,0,0,0,0,0,0,1,0,0,0,2,0,0
豊島区巣鴨１丁目,0,1,0,0,0,0,0,0,0,0,1,1,2,1,0,0,1,1,1,2,1,0,1,0
豊島区巣鴨２丁目,1,1,0,1,0,0,0,0,0,0,1,0,0,0,0,0,1,0,0,0,0,2,0,0
豊島区巣鴨３丁目,0,0,0,0,0,0,0,1,0,0,1,0,0,0,0,1,3,0,1,0,3,0,0,0
豊島区巣鴨４丁目,0,0,0,0,0,0,0,0,0,0,0,0,0,0,0,1,1,3,0,0,0,0,0,0
豊島区巣鴨５丁目,0,0,0,0,0,0,1,0,1,0,0,0,0,0,0,0,0,0,0,0,0,1,1,1
豊島区東池袋１丁目,0,3,1,2,0,0,0,0,2,0,0,0,5,1,0,0,1,3,2,2,0,2,2,2
豊島区東池袋２丁目,2,0,1,0,0,1,0,1,2,0,1,0,1,1,1,0,0,0,2,0,2,1,3,0
豊島区東池袋３丁目,2,1,0,0,0,0,0,0,3,0,1,0,2,0,0,2,1,1,0,0,2,0,0,0
豊島区東池袋４丁目,0,1,0,0,0,0,0,0,2,0,0,0,0,0,1,0,0,0,2,0,1,0,0,0
豊島区東池袋５丁目,0,0,0,0,0,0,0,0,0,0,0,0,1,1,0,1,1,0,2,0,0,1,0,1
豊島区池袋本町１丁目,0,1,0,0,0,0,0,0,0,0,0,0,1,1,1,0,0,1,2,0,2,0,0,1
豊島区池袋本町２丁目,1,1,1,0,0,0,0,0,0,0,0,0,1,2,0,1,0,1,0,1,2,4,2,1
豊島区池袋本町３丁目,1,0,0,0,0,0,0,0,0,0,0,1,0,0,0,0,0,0,0,0,0,1,0,0
豊島区池袋本町４丁目,0,0,0,0,0,0,0,0,0,1,0,0,0,0,0,0,0,1,1,0,0,1,1,1
豊島区池袋１丁目,0,1,0,0,0,0,1,0,1,0,0,1,1,0,0,0,0,1,3,0,1,0,0,0
豊島区池袋２丁目,3,2,3,1,1,0,1,1,2,0,4,3,2,0,2,0,3,4,4,3,2,3,4,2
豊島区池袋３丁目,1,0,0,1,1,0,0,0,2,0,0,0,0,0,1,0,2,3,4,0,4,0,0,0
豊島区池袋４丁目,1,0,0,1,0,0,1,0,2,0,0,0,1,1,2,1,1,0,1,0,3,0,1,0
豊島区目白１丁目,0,0,0,0,0,1,0,0,0,0,0,0,0,0,0,0,0,0,0,0,0,0,0,0
豊島区目白２丁目,0,0,0,0,0,0,0,0,1,0,0,0,1,0,0,0,1,0,0,0,1,1,0,0
豊島区目白３丁目,0,1,0,0,0,0,0,0,1,0,0,1,1,0,0,0,1,0,2,0,0,0,0,2
豊島区目白４丁目,0,0,0,0,0,0,0,0,0,0,0,0,0,0,1,0,0,0,2,0,0,2,0,1
豊島区目白５丁目,0,0,0,0,0,0,0,0,1,0,0,0,0,0,0,1,0,0,1,1,2,0,1,0
豊島区西巣鴨１丁目,0,0,0,0,0,0,0,0,0,0,0,0,0,0,0,2,0,2,0,1,1,1,0,0
豊島区西巣鴨２丁目,0,0,0,0,0,0,0,0,0,0,0,0,0,0,0,0,0,1,1,0,1,0,0,1
豊島区西巣鴨３丁目,0,0,0,0,0,0,0,0,0,0,0,0,0,1,0,1,0,1,1,0,0,2,0,0
豊島区西巣鴨４丁目,0,0,0,0,0,0,0,0,0,0,0,1,0,0,0,0,0,0,0,4,0,0,0,0
豊島区西池袋１丁目,3,0,1,1,0,1,2,2,2,3,8,2,2,3,6,1,3,6,4,3,4,1,1,0
豊島区西池袋２丁目,1,0,0,0,0,0,0,0,0,0,2,0,0,0,0,0,1,1,0,0,0,0,0,1
豊島区西池袋３丁目,1,0,0,0,1,0,0,2,2,0,2,0,1,1,0,1,2,1,1,1,1,2,1,1
豊島区西池袋４丁目,0,1,0,0,0,0,0,0,0,0,1,1,1,1,0,0,1,0,1,1,1,0,0,0
豊島区西池袋５丁目,0,1,0,0,0,0,0,0,0,0,0,0,1,0,0,0,1,1,0,1,1,1,2,0
豊島区要町１丁目,0,0,0,2,0,0,0,1,2,2,3,2,3,0,0,1,2,1,7,1,0,1,3,0
豊島区要町２丁目,0,0,0,0,0,0,0,0,1,0,0,0,0,0,2,0,0,0,0,0,1,1,0,1
豊島区要町３丁目,0,0,0,0,0,0,1,2,2,0,1,2,1,0,0,0,3,3,1,1,0,0,1,0
豊島区長崎１丁目,1,0,0,0,0,0,0,0,0,0,1,0,1,1,0,0,0,2,0,1,1,0,0,0
豊島区長崎２丁目,1,0,0,0,0,0,0,1,0,0,1,0,0,0,0,0,2,3,0,1,1,2,2,0
豊島区長崎３丁目,0,0,0,0,0,1,0,0,0,0,0,0,0,1,0,2,0,1,1,1,0,1,0,0
豊島区長崎４丁目,0,0,0,0,0,0,0,0,2,0,0,0,0,0,0,0,0,0,0,3,0,0,1,0
豊島区長崎５丁目,0,0,0,0,0,0,0,0,0,0,0,0,0,1,1,0,0,0,0,0,0,0,0,0
豊島区長崎６丁目,0,0,1,0,0,0,0,2,0,0,0,1,0,0,0,0,0,0,1,0,2,1,1,0
豊島区雑司が谷１丁目,0,0,0,0,0,0,0,0,0,0,0,0,0,0,0,0,1,0,0,0,0,0,0,0
豊島区雑司が谷２丁目,0,0,0,0,0,0,0,0,0,0,0,0,1,0,0,0,0,0,1,1,0,1,0,0
豊島区雑司が谷３丁目,0,0,0,0,0,0,0,0,0,0,0,0,0,0,1,0,0,0,0,2,1,0,1,0
豊島区駒込１丁目,0,0,0,0,0,0,1,0,1,0,0,0,0,0,1,0,1,1,0,0,0,0,0,1
豊島区駒込２丁目,0,1,0,0,0,0,0,0,0,0,0,0,0,0,0,0,1,0,0,0,0,0,0,0
豊島区駒込３丁目,0,0,0,0,0,0,0,0,0,0,0,0,1,0,1,0,0,0,0,0,0,0,0,0
豊島区駒込６丁目,0,0,0,0,0,0,0,0,0,0,0,0,1,0,0,1,0,0,0,0,0,0,0,0
豊島区高松１丁目,0,0,0,0,0,0,0,1,0,0,0,0,0,0,0,0,0,0,1,1,0,0,0,0
豊島区高松２丁目,1,1,0,0,0,0,0,1,0,0,0,0,1,0,0,0,0,0,2,0,0,1,1,0
豊島区高松３丁目,0,0,0,0,0,0,0,0,0,0,0,0,0,0,0,0,0,2,0,0,0,0,0,0
豊島区高田１丁目,0,0,0,0,0,0,0,0,0,0,0,0,1,0,1,1,0,1,1,0,2,1,0,1
豊島区高田２丁目,1,0,0,0,0,0,0,0,0,1,0,0,0,0,0,0,0,0,1,0,0,1,1,1
豊島区高田３丁目,0,0,0,0,0,0,0,0,1,0,1,0,0,1,0,1,1,3,2,0,0,0,0,2
渋谷区恵比寿南３丁目,0,0,0,0,0,0,0,0,0,0,0,0,0,0,0,0,0,0,0,0,0,0,0,0
新宿区市谷砂土原町１丁目,0,0,0,0,0,0,0,0,0,0,0,0,0,0,0,0,0,0,0,0,0,0,0,0
豊島区駒込４丁目,0,0,0,0,0,0,0,0,0,0,0,0,0,0,0,0,0,0,0,0,0,0,0,0
新宿区納戸町,0,0,0,0,0,0,0,0,0,0,0,0,0,0,0,0,0,0,0,0,0,0,0,0
新宿区赤城下町,0,0,0,0,0,0,0,0,0,0,0,0,0,0,0,0,0,0,0,0,0,0,0,0
渋谷区東４丁目,0,0,0,0,0,0,0,0,0,0,0,0,0,0,0,0,0,0,0,0,0,0,0,0
新宿区榎町,0,0,0,0,0,0,0,0,0,0,0,0,0,0,0,0,0,0,0,0,0,0,0,0
新宿区南榎町,0,0,0,0,0,0,0,0,0,0,0,0,0,0,0,0,0,0,0,0,0,0,0,0
豊島区駒込５丁目,0,0,0,0,0,0,0,0,0,0,0,0,0,0,0,0,0,0,0,0,0,0,0,0
新宿区築地町,0,0,0,0,0,0,0,0,0,0,0,0,0,0,0,0,0,0,0,0,0,0,0,0
新宿区津久戸町,0,0,0,0,0,0,0,0,0,0,0,0,0,0,0,0,0,0,0,0,0,0,0,0
新宿区中町,0,0,0,0,0,0,0,0,0,0,0,0,0,0,0,0,0,0,0,0,0,0,0,0
新宿区市谷本村町,0,0,0,0,0,0,0,0,0,0,0,0,0,0,0,0,0,0,0,0,0,0,0,0
新宿区市谷柳町,0,0,0,0,0,0,0,0,0,0,0,0,0,0,0,0,0,0,0,0,0,0,0,0
新宿区水道町,0,0,0,0,0,0,0,0,0,0,0,0,0,0,0,0,0,0,0,0,0,0,0,0
新宿区神楽坂１丁目,0,0,0,0,0,0,0,0,0,0,0,0,0,0,0,0,0,0,0,0,0,0,0,0
新宿区北山伏町,0,0,0,0,0,0,0,0,0,0,0,0,0,0,0,0,0,0,0,0,0,0,0,0
新宿区市谷甲良町,0,0,0,0,0,0,0,0,0,0,0,0,0,0,0,0,0,0,0,0,0,0,0,0
新宿区若葉１丁目,0,0,0,0,0,0,0,0,0,0,0,0,0,0,0,0,0,0,0,0,0,0,0,0
新宿区南町,0,0,0,0,0,0,0,0,0,0,0,0,0,0,0,0,0,0,0,0,0,0,0,0
豊島区駒込７丁目,0,0,0,0,0,0,0,0,0,0,0,0,0,0,0,0,0,0,0,0,0,0,0,0
新宿区神楽坂４丁目,0,0,0,0,0,0,0,0,0,0,0,0,0,0,0,0,0,0,0,0,0,0,0,0
新宿区早稲田南町,0,0,0,0,0,0,0,0,0,0,0,0,0,0,0,0,0,0,0,0,0,0,0,0
新宿区市谷田町３丁目,0,0,0,0,0,0,0,0,0,0,0,0,0,0,0,0,0,0,0,0,0,0,0,0
新宿区市谷船河原町,0,0,0,0,0,0,0,0,0,0,0,0,0,0,0,0,0,0,0,0,0,0,0,0
渋谷区代々木神園町,0,0,0,0,0,0,0,0,0,0,0,0,0,0,0,0,0,0,0,0,0,0,0,0
新宿区市谷山伏町,0,0,0,0,0,0,0,0,0,0,0,0,0,0,0,0,0,0,0,0,0,0,0,0
渋谷区恵比寿南２丁目,0,0,0,0,0,0,0,0,0,0,0,0,0,0,0,0,0,0,0,0,0,0,0,0
渋谷区広尾３丁目,0,0,0,0,0,0,0,0,0,0,0,0,0,0,0,0,0,0,0,0,0,0,0,0
新宿区中里町,0,0,0,0,0,0,0,0,0,0,0,0,0,0,0,0,0,0,0,0,0,0,0,0
新宿区若宮町,0,0,0,0,0,0,0,0,0,0,0,0,0,0,0,0,0,0,0,0,0,0,0,0
新宿区南元町,0,0,0,0,0,0,0,0,0,0,0,0,0,0,0,0,0,0,0,0,0,0,0,0
新宿区改代町,0,0,0,0,0,0,0,0,0,0,0,0,0,0,0,0,0,0,0,0,0,0,0,0
新宿区細工町,0,0,0,0,0,0,0,0,0,0,0,0,0,0,0,0,0,0,0,0,0,0,0,0
新宿区赤城元町,0,0,0,0,0,0,0,0,0,0,0,0,0,0,0,0,0,0,0,0,0,0,0,0
新宿区神楽坂５丁目,0,0,0,0,0,0,0,0,0,0,0,0,0,0,0,0,0,0,0,0,0,0,0,0
新宿区原町２丁目,0,0,0,0,0,0,0,0,0,0,0,0,0,0,0,0,0,0,0,0,0,0,0,0
新宿区原町１丁目,0,0,0,0,0,0,0,0,0,0,0,0,0,0,0,0,0,0,0,0,0,0,0,0
新宿区愛住町,0,0,0,0,0,0,0,0,0,0,0,0,0,0,0,0,0,0,0,0,0,0,0,0
新宿区神楽坂２丁目,0,0,0,0,0,0,0,0,0,0,0,0,0,0,0,0,0,0,0,0,0,0,0,0
新宿区袋町,0,0,0,0,0,0,0,0,0,0,0,0,0,0,0,0,0,0,0,0,0,0,0,0
